{"name":"spring-data-redis","classpathEntries":[{"kind":"binary","path":"C:\\Program Files\\Java\\jdk1.8.0_221\\jre\\lib\\resources.jar","javadocContainerUrl":"https://docs.oracle.com/javase/1/docs/api/","isSystem":true,"isOwn":false,"isTest":false,"isJavaContent":false},{"kind":"binary","path":"C:\\Program Files\\Java\\jdk1.8.0_221\\jre\\lib\\rt.jar","javadocContainerUrl":"https://docs.oracle.com/javase/1/docs/api/","isSystem":true,"isOwn":false,"isTest":false,"isJavaContent":false},{"kind":"binary","path":"C:\\Program Files\\Java\\jdk1.8.0_221\\jre\\lib\\jsse.jar","javadocContainerUrl":"https://docs.oracle.com/javase/1/docs/api/","isSystem":true,"isOwn":false,"isTest":false,"isJavaContent":false},{"kind":"binary","path":"C:\\Program Files\\Java\\jdk1.8.0_221\\jre\\lib\\jce.jar","javadocContainerUrl":"https://docs.oracle.com/javase/1/docs/api/","isSystem":true,"isOwn":false,"isTest":false,"isJavaContent":false},{"kind":"binary","path":"C:\\Program Files\\Java\\jdk1.8.0_221\\jre\\lib\\charsets.jar","javadocContainerUrl":"https://docs.oracle.com/javase/1/docs/api/","isSystem":true,"isOwn":false,"isTest":false,"isJavaContent":false},{"kind":"binary","path":"C:\\Program Files\\Java\\jdk1.8.0_221\\jre\\lib\\jfr.jar","javadocContainerUrl":"https://docs.oracle.com/javase/1/docs/api/","isSystem":true,"isOwn":false,"isTest":false,"isJavaContent":false},{"kind":"binary","path":"C:\\Users\\Rohit\\.m2\\repository\\org\\springframework\\boot\\spring-boot-starter-data-redis\\2.3.4.RELEASE\\spring-boot-starter-data-redis-2.3.4.RELEASE.jar","sourceContainerUrl":"file:/C:/Users/Rohit/.m2/repository/org/springframework/boot/spring-boot-starter-data-redis/2.3.4.RELEASE/spring-boot-starter-data-redis-2.3.4.RELEASE-sources.jar","javadocContainerUrl":"file:/C:/Users/Rohit/.m2/repository/org/springframework/boot/spring-boot-starter-data-redis/2.3.4.RELEASE/spring-boot-starter-data-redis-2.3.4.RELEASE-javadoc.jar","isSystem":false,"isOwn":false,"isTest":false,"isJavaContent":false},{"kind":"binary","path":"C:\\Users\\Rohit\\.m2\\repository\\org\\springframework\\boot\\spring-boot-starter\\2.3.4.RELEASE\\spring-boot-starter-2.3.4.RELEASE.jar","sourceContainerUrl":"file:/C:/Users/Rohit/.m2/repository/org/springframework/boot/spring-boot-starter/2.3.4.RELEASE/spring-boot-starter-2.3.4.RELEASE-sources.jar","javadocContainerUrl":"file:/C:/Users/Rohit/.m2/repository/org/springframework/boot/spring-boot-starter/2.3.4.RELEASE/spring-boot-starter-2.3.4.RELEASE-javadoc.jar","isSystem":false,"isOwn":false,"isTest":false,"isJavaContent":false},{"kind":"binary","path":"C:\\Users\\Rohit\\.m2\\repository\\org\\springframework\\boot\\spring-boot\\2.3.4.RELEASE\\spring-boot-2.3.4.RELEASE.jar","sourceContainerUrl":"file:/C:/Users/Rohit/.m2/repository/org/springframework/boot/spring-boot/2.3.4.RELEASE/spring-boot-2.3.4.RELEASE-sources.jar","javadocContainerUrl":"file:/C:/Users/Rohit/.m2/repository/org/springframework/boot/spring-boot/2.3.4.RELEASE/spring-boot-2.3.4.RELEASE-javadoc.jar","isSystem":false,"isOwn":false,"isTest":false,"isJavaContent":false},{"kind":"binary","path":"C:\\Users\\Rohit\\.m2\\repository\\org\\springframework\\spring-context\\5.2.9.RELEASE\\spring-context-5.2.9.RELEASE.jar","sourceContainerUrl":"file:/C:/Users/Rohit/.m2/repository/org/springframework/spring-context/5.2.9.RELEASE/spring-context-5.2.9.RELEASE-sources.jar","javadocContainerUrl":"file:/C:/Users/Rohit/.m2/repository/org/springframework/spring-context/5.2.9.RELEASE/spring-context-5.2.9.RELEASE-javadoc.jar","isSystem":false,"isOwn":false,"isTest":false,"isJavaContent":false},{"kind":"binary","path":"C:\\Users\\Rohit\\.m2\\repository\\org\\springframework\\spring-expression\\5.2.9.RELEASE\\spring-expression-5.2.9.RELEASE.jar","sourceContainerUrl":"file:/C:/Users/Rohit/.m2/repository/org/springframework/spring-expression/5.2.9.RELEASE/spring-expression-5.2.9.RELEASE-sources.jar","javadocContainerUrl":"file:/C:/Users/Rohit/.m2/repository/org/springframework/spring-expression/5.2.9.RELEASE/spring-expression-5.2.9.RELEASE-javadoc.jar","isSystem":false,"isOwn":false,"isTest":false,"isJavaContent":false},{"kind":"binary","path":"C:\\Users\\Rohit\\.m2\\repository\\org\\springframework\\boot\\spring-boot-autoconfigure\\2.3.4.RELEASE\\spring-boot-autoconfigure-2.3.4.RELEASE.jar","sourceContainerUrl":"file:/C:/Users/Rohit/.m2/repository/org/springframework/boot/spring-boot-autoconfigure/2.3.4.RELEASE/spring-boot-autoconfigure-2.3.4.RELEASE-sources.jar","javadocContainerUrl":"file:/C:/Users/Rohit/.m2/repository/org/springframework/boot/spring-boot-autoconfigure/2.3.4.RELEASE/spring-boot-autoconfigure-2.3.4.RELEASE-javadoc.jar","isSystem":false,"isOwn":false,"isTest":false,"isJavaContent":false},{"kind":"binary","path":"C:\\Users\\Rohit\\.m2\\repository\\org\\springframework\\boot\\spring-boot-starter-logging\\2.3.4.RELEASE\\spring-boot-starter-logging-2.3.4.RELEASE.jar","sourceContainerUrl":"file:/C:/Users/Rohit/.m2/repository/org/springframework/boot/spring-boot-starter-logging/2.3.4.RELEASE/spring-boot-starter-logging-2.3.4.RELEASE-sources.jar","javadocContainerUrl":"file:/C:/Users/Rohit/.m2/repository/org/springframework/boot/spring-boot-starter-logging/2.3.4.RELEASE/spring-boot-starter-logging-2.3.4.RELEASE-javadoc.jar","isSystem":false,"isOwn":false,"isTest":false,"isJavaContent":false},{"kind":"binary","path":"C:\\Users\\Rohit\\.m2\\repository\\ch\\qos\\logback\\logback-classic\\1.2.3\\logback-classic-1.2.3.jar","sourceContainerUrl":"file:/C:/Users/Rohit/.m2/repository/ch/qos/logback/logback-classic/1.2.3/logback-classic-1.2.3-sources.jar","javadocContainerUrl":"file:/C:/Users/Rohit/.m2/repository/ch/qos/logback/logback-classic/1.2.3/logback-classic-1.2.3-javadoc.jar","isSystem":false,"isOwn":false,"isTest":false,"isJavaContent":false},{"kind":"binary","path":"C:\\Users\\Rohit\\.m2\\repository\\ch\\qos\\logback\\logback-core\\1.2.3\\logback-core-1.2.3.jar","sourceContainerUrl":"file:/C:/Users/Rohit/.m2/repository/ch/qos/logback/logback-core/1.2.3/logback-core-1.2.3-sources.jar","javadocContainerUrl":"file:/C:/Users/Rohit/.m2/repository/ch/qos/logback/logback-core/1.2.3/logback-core-1.2.3-javadoc.jar","isSystem":false,"isOwn":false,"isTest":false,"isJavaContent":false},{"kind":"binary","path":"C:\\Users\\Rohit\\.m2\\repository\\org\\apache\\logging\\log4j\\log4j-to-slf4j\\2.13.3\\log4j-to-slf4j-2.13.3.jar","sourceContainerUrl":"file:/C:/Users/Rohit/.m2/repository/org/apache/logging/log4j/log4j-to-slf4j/2.13.3/log4j-to-slf4j-2.13.3-sources.jar","javadocContainerUrl":"file:/C:/Users/Rohit/.m2/repository/org/apache/logging/log4j/log4j-to-slf4j/2.13.3/log4j-to-slf4j-2.13.3-javadoc.jar","isSystem":false,"isOwn":false,"isTest":false,"isJavaContent":false},{"kind":"binary","path":"C:\\Users\\Rohit\\.m2\\repository\\org\\apache\\logging\\log4j\\log4j-api\\2.13.3\\log4j-api-2.13.3.jar","sourceContainerUrl":"file:/C:/Users/Rohit/.m2/repository/org/apache/logging/log4j/log4j-api/2.13.3/log4j-api-2.13.3-sources.jar","javadocContainerUrl":"file:/C:/Users/Rohit/.m2/repository/org/apache/logging/log4j/log4j-api/2.13.3/log4j-api-2.13.3-javadoc.jar","isSystem":false,"isOwn":false,"isTest":false,"isJavaContent":false},{"kind":"binary","path":"C:\\Users\\Rohit\\.m2\\repository\\org\\slf4j\\jul-to-slf4j\\1.7.30\\jul-to-slf4j-1.7.30.jar","sourceContainerUrl":"file:/C:/Users/Rohit/.m2/repository/org/slf4j/jul-to-slf4j/1.7.30/jul-to-slf4j-1.7.30-sources.jar","javadocContainerUrl":"file:/C:/Users/Rohit/.m2/repository/org/slf4j/jul-to-slf4j/1.7.30/jul-to-slf4j-1.7.30-javadoc.jar","isSystem":false,"isOwn":false,"isTest":false,"isJavaContent":false},{"kind":"binary","path":"C:\\Users\\Rohit\\.m2\\repository\\jakarta\\annotation\\jakarta.annotation-api\\1.3.5\\jakarta.annotation-api-1.3.5.jar","sourceContainerUrl":"file:/C:/Users/Rohit/.m2/repository/jakarta/annotation/jakarta.annotation-api/1.3.5/jakarta.annotation-api-1.3.5-sources.jar","javadocContainerUrl":"file:/C:/Users/Rohit/.m2/repository/jakarta/annotation/jakarta.annotation-api/1.3.5/jakarta.annotation-api-1.3.5-javadoc.jar","isSystem":false,"isOwn":false,"isTest":false,"isJavaContent":false},{"kind":"binary","path":"C:\\Users\\Rohit\\.m2\\repository\\org\\yaml\\snakeyaml\\1.26\\snakeyaml-1.26.jar","sourceContainerUrl":"file:/C:/Users/Rohit/.m2/repository/org/yaml/snakeyaml/1.26/snakeyaml-1.26-sources.jar","javadocContainerUrl":"file:/C:/Users/Rohit/.m2/repository/org/yaml/snakeyaml/1.26/snakeyaml-1.26-javadoc.jar","isSystem":false,"isOwn":false,"isTest":false,"isJavaContent":false},{"kind":"binary","path":"C:\\Users\\Rohit\\.m2\\repository\\org\\springframework\\data\\spring-data-redis\\2.3.4.RELEASE\\spring-data-redis-2.3.4.RELEASE.jar","sourceContainerUrl":"file:/C:/Users/Rohit/.m2/repository/org/springframework/data/spring-data-redis/2.3.4.RELEASE/spring-data-redis-2.3.4.RELEASE-sources.jar","javadocContainerUrl":"file:/C:/Users/Rohit/.m2/repository/org/springframework/data/spring-data-redis/2.3.4.RELEASE/spring-data-redis-2.3.4.RELEASE-javadoc.jar","isSystem":false,"isOwn":false,"isTest":false,"isJavaContent":false},{"kind":"binary","path":"C:\\Users\\Rohit\\.m2\\repository\\org\\springframework\\data\\spring-data-keyvalue\\2.3.4.RELEASE\\spring-data-keyvalue-2.3.4.RELEASE.jar","sourceContainerUrl":"file:/C:/Users/Rohit/.m2/repository/org/springframework/data/spring-data-keyvalue/2.3.4.RELEASE/spring-data-keyvalue-2.3.4.RELEASE-sources.jar","javadocContainerUrl":"file:/C:/Users/Rohit/.m2/repository/org/springframework/data/spring-data-keyvalue/2.3.4.RELEASE/spring-data-keyvalue-2.3.4.RELEASE-javadoc.jar","isSystem":false,"isOwn":false,"isTest":false,"isJavaContent":false},{"kind":"binary","path":"C:\\Users\\Rohit\\.m2\\repository\\org\\springframework\\data\\spring-data-commons\\2.3.4.RELEASE\\spring-data-commons-2.3.4.RELEASE.jar","sourceContainerUrl":"file:/C:/Users/Rohit/.m2/repository/org/springframework/data/spring-data-commons/2.3.4.RELEASE/spring-data-commons-2.3.4.RELEASE-sources.jar","javadocContainerUrl":"file:/C:/Users/Rohit/.m2/repository/org/springframework/data/spring-data-commons/2.3.4.RELEASE/spring-data-commons-2.3.4.RELEASE-javadoc.jar","isSystem":false,"isOwn":false,"isTest":false,"isJavaContent":false},{"kind":"binary","path":"C:\\Users\\Rohit\\.m2\\repository\\org\\springframework\\spring-tx\\5.2.9.RELEASE\\spring-tx-5.2.9.RELEASE.jar","sourceContainerUrl":"file:/C:/Users/Rohit/.m2/repository/org/springframework/spring-tx/5.2.9.RELEASE/spring-tx-5.2.9.RELEASE-sources.jar","javadocContainerUrl":"file:/C:/Users/Rohit/.m2/repository/org/springframework/spring-tx/5.2.9.RELEASE/spring-tx-5.2.9.RELEASE-javadoc.jar","isSystem":false,"isOwn":false,"isTest":false,"isJavaContent":false},{"kind":"binary","path":"C:\\Users\\Rohit\\.m2\\repository\\org\\springframework\\spring-beans\\5.2.9.RELEASE\\spring-beans-5.2.9.RELEASE.jar","sourceContainerUrl":"file:/C:/Users/Rohit/.m2/repository/org/springframework/spring-beans/5.2.9.RELEASE/spring-beans-5.2.9.RELEASE-sources.jar","javadocContainerUrl":"file:/C:/Users/Rohit/.m2/repository/org/springframework/spring-beans/5.2.9.RELEASE/spring-beans-5.2.9.RELEASE-javadoc.jar","isSystem":false,"isOwn":false,"isTest":false,"isJavaContent":false},{"kind":"binary","path":"C:\\Users\\Rohit\\.m2\\repository\\org\\springframework\\spring-oxm\\5.2.9.RELEASE\\spring-oxm-5.2.9.RELEASE.jar","sourceContainerUrl":"file:/C:/Users/Rohit/.m2/repository/org/springframework/spring-oxm/5.2.9.RELEASE/spring-oxm-5.2.9.RELEASE-sources.jar","javadocContainerUrl":"file:/C:/Users/Rohit/.m2/repository/org/springframework/spring-oxm/5.2.9.RELEASE/spring-oxm-5.2.9.RELEASE-javadoc.jar","isSystem":false,"isOwn":false,"isTest":false,"isJavaContent":false},{"kind":"binary","path":"C:\\Users\\Rohit\\.m2\\repository\\org\\springframework\\spring-aop\\5.2.9.RELEASE\\spring-aop-5.2.9.RELEASE.jar","sourceContainerUrl":"file:/C:/Users/Rohit/.m2/repository/org/springframework/spring-aop/5.2.9.RELEASE/spring-aop-5.2.9.RELEASE-sources.jar","javadocContainerUrl":"file:/C:/Users/Rohit/.m2/repository/org/springframework/spring-aop/5.2.9.RELEASE/spring-aop-5.2.9.RELEASE-javadoc.jar","isSystem":false,"isOwn":false,"isTest":false,"isJavaContent":false},{"kind":"binary","path":"C:\\Users\\Rohit\\.m2\\repository\\org\\springframework\\spring-context-support\\5.2.9.RELEASE\\spring-context-support-5.2.9.RELEASE.jar","sourceContainerUrl":"file:/C:/Users/Rohit/.m2/repository/org/springframework/spring-context-support/5.2.9.RELEASE/spring-context-support-5.2.9.RELEASE-sources.jar","javadocContainerUrl":"file:/C:/Users/Rohit/.m2/repository/org/springframework/spring-context-support/5.2.9.RELEASE/spring-context-support-5.2.9.RELEASE-javadoc.jar","isSystem":false,"isOwn":false,"isTest":false,"isJavaContent":false},{"kind":"binary","path":"C:\\Users\\Rohit\\.m2\\repository\\org\\slf4j\\slf4j-api\\1.7.30\\slf4j-api-1.7.30.jar","sourceContainerUrl":"file:/C:/Users/Rohit/.m2/repository/org/slf4j/slf4j-api/1.7.30/slf4j-api-1.7.30-sources.jar","javadocContainerUrl":"file:/C:/Users/Rohit/.m2/repository/org/slf4j/slf4j-api/1.7.30/slf4j-api-1.7.30-javadoc.jar","isSystem":false,"isOwn":false,"isTest":false,"isJavaContent":false},{"kind":"binary","path":"C:\\Users\\Rohit\\.m2\\repository\\io\\lettuce\\lettuce-core\\5.3.4.RELEASE\\lettuce-core-5.3.4.RELEASE.jar","sourceContainerUrl":"file:/C:/Users/Rohit/.m2/repository/io/lettuce/lettuce-core/5.3.4.RELEASE/lettuce-core-5.3.4.RELEASE-sources.jar","javadocContainerUrl":"file:/C:/Users/Rohit/.m2/repository/io/lettuce/lettuce-core/5.3.4.RELEASE/lettuce-core-5.3.4.RELEASE-javadoc.jar","isSystem":false,"isOwn":false,"isTest":false,"isJavaContent":false},{"kind":"binary","path":"C:\\Users\\Rohit\\.m2\\repository\\io\\netty\\netty-common\\4.1.52.Final\\netty-common-4.1.52.Final.jar","sourceContainerUrl":"file:/C:/Users/Rohit/.m2/repository/io/netty/netty-common/4.1.52.Final/netty-common-4.1.52.Final-sources.jar","javadocContainerUrl":"file:/C:/Users/Rohit/.m2/repository/io/netty/netty-common/4.1.52.Final/netty-common-4.1.52.Final-javadoc.jar","isSystem":false,"isOwn":false,"isTest":false,"isJavaContent":false},{"kind":"binary","path":"C:\\Users\\Rohit\\.m2\\repository\\io\\netty\\netty-handler\\4.1.52.Final\\netty-handler-4.1.52.Final.jar","sourceContainerUrl":"file:/C:/Users/Rohit/.m2/repository/io/netty/netty-handler/4.1.52.Final/netty-handler-4.1.52.Final-sources.jar","javadocContainerUrl":"file:/C:/Users/Rohit/.m2/repository/io/netty/netty-handler/4.1.52.Final/netty-handler-4.1.52.Final-javadoc.jar","isSystem":false,"isOwn":false,"isTest":false,"isJavaContent":false},{"kind":"binary","path":"C:\\Users\\Rohit\\.m2\\repository\\io\\netty\\netty-resolver\\4.1.52.Final\\netty-resolver-4.1.52.Final.jar","sourceContainerUrl":"file:/C:/Users/Rohit/.m2/repository/io/netty/netty-resolver/4.1.52.Final/netty-resolver-4.1.52.Final-sources.jar","javadocContainerUrl":"file:/C:/Users/Rohit/.m2/repository/io/netty/netty-resolver/4.1.52.Final/netty-resolver-4.1.52.Final-javadoc.jar","isSystem":false,"isOwn":false,"isTest":false,"isJavaContent":false},{"kind":"binary","path":"C:\\Users\\Rohit\\.m2\\repository\\io\\netty\\netty-buffer\\4.1.52.Final\\netty-buffer-4.1.52.Final.jar","sourceContainerUrl":"file:/C:/Users/Rohit/.m2/repository/io/netty/netty-buffer/4.1.52.Final/netty-buffer-4.1.52.Final-sources.jar","javadocContainerUrl":"file:/C:/Users/Rohit/.m2/repository/io/netty/netty-buffer/4.1.52.Final/netty-buffer-4.1.52.Final-javadoc.jar","isSystem":false,"isOwn":false,"isTest":false,"isJavaContent":false},{"kind":"binary","path":"C:\\Users\\Rohit\\.m2\\repository\\io\\netty\\netty-codec\\4.1.52.Final\\netty-codec-4.1.52.Final.jar","sourceContainerUrl":"file:/C:/Users/Rohit/.m2/repository/io/netty/netty-codec/4.1.52.Final/netty-codec-4.1.52.Final-sources.jar","javadocContainerUrl":"file:/C:/Users/Rohit/.m2/repository/io/netty/netty-codec/4.1.52.Final/netty-codec-4.1.52.Final-javadoc.jar","isSystem":false,"isOwn":false,"isTest":false,"isJavaContent":false},{"kind":"binary","path":"C:\\Users\\Rohit\\.m2\\repository\\io\\netty\\netty-transport\\4.1.52.Final\\netty-transport-4.1.52.Final.jar","sourceContainerUrl":"file:/C:/Users/Rohit/.m2/repository/io/netty/netty-transport/4.1.52.Final/netty-transport-4.1.52.Final-sources.jar","javadocContainerUrl":"file:/C:/Users/Rohit/.m2/repository/io/netty/netty-transport/4.1.52.Final/netty-transport-4.1.52.Final-javadoc.jar","isSystem":false,"isOwn":false,"isTest":false,"isJavaContent":false},{"kind":"binary","path":"C:\\Users\\Rohit\\.m2\\repository\\io\\projectreactor\\reactor-core\\3.3.10.RELEASE\\reactor-core-3.3.10.RELEASE.jar","sourceContainerUrl":"file:/C:/Users/Rohit/.m2/repository/io/projectreactor/reactor-core/3.3.10.RELEASE/reactor-core-3.3.10.RELEASE-sources.jar","javadocContainerUrl":"file:/C:/Users/Rohit/.m2/repository/io/projectreactor/reactor-core/3.3.10.RELEASE/reactor-core-3.3.10.RELEASE-javadoc.jar","isSystem":false,"isOwn":false,"isTest":false,"isJavaContent":false},{"kind":"binary","path":"C:\\Users\\Rohit\\.m2\\repository\\org\\reactivestreams\\reactive-streams\\1.0.3\\reactive-streams-1.0.3.jar","sourceContainerUrl":"file:/C:/Users/Rohit/.m2/repository/org/reactivestreams/reactive-streams/1.0.3/reactive-streams-1.0.3-sources.jar","javadocContainerUrl":"file:/C:/Users/Rohit/.m2/repository/org/reactivestreams/reactive-streams/1.0.3/reactive-streams-1.0.3-javadoc.jar","isSystem":false,"isOwn":false,"isTest":false,"isJavaContent":false},{"kind":"binary","path":"C:\\Users\\Rohit\\.m2\\repository\\org\\projectlombok\\lombok\\1.18.12\\lombok-1.18.12.jar","sourceContainerUrl":"file:/C:/Users/Rohit/.m2/repository/org/projectlombok/lombok/1.18.12/lombok-1.18.12-sources.jar","javadocContainerUrl":"file:/C:/Users/Rohit/.m2/repository/org/projectlombok/lombok/1.18.12/lombok-1.18.12-javadoc.jar","isSystem":false,"isOwn":false,"isTest":false,"isJavaContent":false},{"kind":"binary","path":"C:\\Users\\Rohit\\.m2\\repository\\org\\springframework\\boot\\spring-boot-starter-test\\2.3.4.RELEASE\\spring-boot-starter-test-2.3.4.RELEASE.jar","sourceContainerUrl":"file:/C:/Users/Rohit/.m2/repository/org/springframework/boot/spring-boot-starter-test/2.3.4.RELEASE/spring-boot-starter-test-2.3.4.RELEASE-sources.jar","javadocContainerUrl":"file:/C:/Users/Rohit/.m2/repository/org/springframework/boot/spring-boot-starter-test/2.3.4.RELEASE/spring-boot-starter-test-2.3.4.RELEASE-javadoc.jar","isSystem":false,"isOwn":false,"isTest":false,"isJavaContent":false},{"kind":"binary","path":"C:\\Users\\Rohit\\.m2\\repository\\org\\springframework\\boot\\spring-boot-test\\2.3.4.RELEASE\\spring-boot-test-2.3.4.RELEASE.jar","sourceContainerUrl":"file:/C:/Users/Rohit/.m2/repository/org/springframework/boot/spring-boot-test/2.3.4.RELEASE/spring-boot-test-2.3.4.RELEASE-sources.jar","javadocContainerUrl":"file:/C:/Users/Rohit/.m2/repository/org/springframework/boot/spring-boot-test/2.3.4.RELEASE/spring-boot-test-2.3.4.RELEASE-javadoc.jar","isSystem":false,"isOwn":false,"isTest":false,"isJavaContent":false},{"kind":"binary","path":"C:\\Users\\Rohit\\.m2\\repository\\org\\springframework\\boot\\spring-boot-test-autoconfigure\\2.3.4.RELEASE\\spring-boot-test-autoconfigure-2.3.4.RELEASE.jar","sourceContainerUrl":"file:/C:/Users/Rohit/.m2/repository/org/springframework/boot/spring-boot-test-autoconfigure/2.3.4.RELEASE/spring-boot-test-autoconfigure-2.3.4.RELEASE-sources.jar","javadocContainerUrl":"file:/C:/Users/Rohit/.m2/repository/org/springframework/boot/spring-boot-test-autoconfigure/2.3.4.RELEASE/spring-boot-test-autoconfigure-2.3.4.RELEASE-javadoc.jar","isSystem":false,"isOwn":false,"isTest":false,"isJavaContent":false},{"kind":"binary","path":"C:\\Users\\Rohit\\.m2\\repository\\com\\jayway\\jsonpath\\json-path\\2.4.0\\json-path-2.4.0.jar","sourceContainerUrl":"file:/C:/Users/Rohit/.m2/repository/com/jayway/jsonpath/json-path/2.4.0/json-path-2.4.0-sources.jar","javadocContainerUrl":"file:/C:/Users/Rohit/.m2/repository/com/jayway/jsonpath/json-path/2.4.0/json-path-2.4.0-javadoc.jar","isSystem":false,"isOwn":false,"isTest":false,"isJavaContent":false},{"kind":"binary","path":"C:\\Users\\Rohit\\.m2\\repository\\net\\minidev\\json-smart\\2.3\\json-smart-2.3.jar","sourceContainerUrl":"file:/C:/Users/Rohit/.m2/repository/net/minidev/json-smart/2.3/json-smart-2.3-sources.jar","javadocContainerUrl":"file:/C:/Users/Rohit/.m2/repository/net/minidev/json-smart/2.3/json-smart-2.3-javadoc.jar","isSystem":false,"isOwn":false,"isTest":false,"isJavaContent":false},{"kind":"binary","path":"C:\\Users\\Rohit\\.m2\\repository\\net\\minidev\\accessors-smart\\1.2\\accessors-smart-1.2.jar","sourceContainerUrl":"file:/C:/Users/Rohit/.m2/repository/net/minidev/accessors-smart/1.2/accessors-smart-1.2-sources.jar","javadocContainerUrl":"file:/C:/Users/Rohit/.m2/repository/net/minidev/accessors-smart/1.2/accessors-smart-1.2-javadoc.jar","isSystem":false,"isOwn":false,"isTest":false,"isJavaContent":false},{"kind":"binary","path":"C:\\Users\\Rohit\\.m2\\repository\\org\\ow2\\asm\\asm\\5.0.4\\asm-5.0.4.jar","sourceContainerUrl":"file:/C:/Users/Rohit/.m2/repository/org/ow2/asm/asm/5.0.4/asm-5.0.4-sources.jar","javadocContainerUrl":"file:/C:/Users/Rohit/.m2/repository/org/ow2/asm/asm/5.0.4/asm-5.0.4-javadoc.jar","isSystem":false,"isOwn":false,"isTest":false,"isJavaContent":false},{"kind":"binary","path":"C:\\Users\\Rohit\\.m2\\repository\\jakarta\\xml\\bind\\jakarta.xml.bind-api\\2.3.3\\jakarta.xml.bind-api-2.3.3.jar","sourceContainerUrl":"file:/C:/Users/Rohit/.m2/repository/jakarta/xml/bind/jakarta.xml.bind-api/2.3.3/jakarta.xml.bind-api-2.3.3-sources.jar","javadocContainerUrl":"file:/C:/Users/Rohit/.m2/repository/jakarta/xml/bind/jakarta.xml.bind-api/2.3.3/jakarta.xml.bind-api-2.3.3-javadoc.jar","isSystem":false,"isOwn":false,"isTest":false,"isJavaContent":false},{"kind":"binary","path":"C:\\Users\\Rohit\\.m2\\repository\\jakarta\\activation\\jakarta.activation-api\\1.2.2\\jakarta.activation-api-1.2.2.jar","sourceContainerUrl":"file:/C:/Users/Rohit/.m2/repository/jakarta/activation/jakarta.activation-api/1.2.2/jakarta.activation-api-1.2.2-sources.jar","javadocContainerUrl":"file:/C:/Users/Rohit/.m2/repository/jakarta/activation/jakarta.activation-api/1.2.2/jakarta.activation-api-1.2.2-javadoc.jar","isSystem":false,"isOwn":false,"isTest":false,"isJavaContent":false},{"kind":"binary","path":"C:\\Users\\Rohit\\.m2\\repository\\org\\assertj\\assertj-core\\3.16.1\\assertj-core-3.16.1.jar","sourceContainerUrl":"file:/C:/Users/Rohit/.m2/repository/org/assertj/assertj-core/3.16.1/assertj-core-3.16.1-sources.jar","javadocContainerUrl":"file:/C:/Users/Rohit/.m2/repository/org/assertj/assertj-core/3.16.1/assertj-core-3.16.1-javadoc.jar","isSystem":false,"isOwn":false,"isTest":false,"isJavaContent":false},{"kind":"binary","path":"C:\\Users\\Rohit\\.m2\\repository\\org\\hamcrest\\hamcrest\\2.2\\hamcrest-2.2.jar","sourceContainerUrl":"file:/C:/Users/Rohit/.m2/repository/org/hamcrest/hamcrest/2.2/hamcrest-2.2-sources.jar","javadocContainerUrl":"file:/C:/Users/Rohit/.m2/repository/org/hamcrest/hamcrest/2.2/hamcrest-2.2-javadoc.jar","isSystem":false,"isOwn":false,"isTest":false,"isJavaContent":false},{"kind":"binary","path":"C:\\Users\\Rohit\\.m2\\repository\\org\\junit\\jupiter\\junit-jupiter\\5.6.2\\junit-jupiter-5.6.2.jar","sourceContainerUrl":"file:/C:/Users/Rohit/.m2/repository/org/junit/jupiter/junit-jupiter/5.6.2/junit-jupiter-5.6.2-sources.jar","javadocContainerUrl":"file:/C:/Users/Rohit/.m2/repository/org/junit/jupiter/junit-jupiter/5.6.2/junit-jupiter-5.6.2-javadoc.jar","isSystem":false,"isOwn":false,"isTest":false,"isJavaContent":false},{"kind":"binary","path":"C:\\Users\\Rohit\\.m2\\repository\\org\\junit\\jupiter\\junit-jupiter-api\\5.6.2\\junit-jupiter-api-5.6.2.jar","sourceContainerUrl":"file:/C:/Users/Rohit/.m2/repository/org/junit/jupiter/junit-jupiter-api/5.6.2/junit-jupiter-api-5.6.2-sources.jar","javadocContainerUrl":"file:/C:/Users/Rohit/.m2/repository/org/junit/jupiter/junit-jupiter-api/5.6.2/junit-jupiter-api-5.6.2-javadoc.jar","isSystem":false,"isOwn":false,"isTest":false,"isJavaContent":false},{"kind":"binary","path":"C:\\Users\\Rohit\\.m2\\repository\\org\\apiguardian\\apiguardian-api\\1.1.0\\apiguardian-api-1.1.0.jar","sourceContainerUrl":"file:/C:/Users/Rohit/.m2/repository/org/apiguardian/apiguardian-api/1.1.0/apiguardian-api-1.1.0-sources.jar","javadocContainerUrl":"file:/C:/Users/Rohit/.m2/repository/org/apiguardian/apiguardian-api/1.1.0/apiguardian-api-1.1.0-javadoc.jar","isSystem":false,"isOwn":false,"isTest":false,"isJavaContent":false},{"kind":"binary","path":"C:\\Users\\Rohit\\.m2\\repository\\org\\opentest4j\\opentest4j\\1.2.0\\opentest4j-1.2.0.jar","sourceContainerUrl":"file:/C:/Users/Rohit/.m2/repository/org/opentest4j/opentest4j/1.2.0/opentest4j-1.2.0-sources.jar","javadocContainerUrl":"file:/C:/Users/Rohit/.m2/repository/org/opentest4j/opentest4j/1.2.0/opentest4j-1.2.0-javadoc.jar","isSystem":false,"isOwn":false,"isTest":false,"isJavaContent":false},{"kind":"binary","path":"C:\\Users\\Rohit\\.m2\\repository\\org\\junit\\platform\\junit-platform-commons\\1.6.2\\junit-platform-commons-1.6.2.jar","sourceContainerUrl":"file:/C:/Users/Rohit/.m2/repository/org/junit/platform/junit-platform-commons/1.6.2/junit-platform-commons-1.6.2-sources.jar","javadocContainerUrl":"file:/C:/Users/Rohit/.m2/repository/org/junit/platform/junit-platform-commons/1.6.2/junit-platform-commons-1.6.2-javadoc.jar","isSystem":false,"isOwn":false,"isTest":false,"isJavaContent":false},{"kind":"binary","path":"C:\\Users\\Rohit\\.m2\\repository\\org\\junit\\jupiter\\junit-jupiter-params\\5.6.2\\junit-jupiter-params-5.6.2.jar","sourceContainerUrl":"file:/C:/Users/Rohit/.m2/repository/org/junit/jupiter/junit-jupiter-params/5.6.2/junit-jupiter-params-5.6.2-sources.jar","javadocContainerUrl":"file:/C:/Users/Rohit/.m2/repository/org/junit/jupiter/junit-jupiter-params/5.6.2/junit-jupiter-params-5.6.2-javadoc.jar","isSystem":false,"isOwn":false,"isTest":false,"isJavaContent":false},{"kind":"binary","path":"C:\\Users\\Rohit\\.m2\\repository\\org\\junit\\jupiter\\junit-jupiter-engine\\5.6.2\\junit-jupiter-engine-5.6.2.jar","sourceContainerUrl":"file:/C:/Users/Rohit/.m2/repository/org/junit/jupiter/junit-jupiter-engine/5.6.2/junit-jupiter-engine-5.6.2-sources.jar","javadocContainerUrl":"file:/C:/Users/Rohit/.m2/repository/org/junit/jupiter/junit-jupiter-engine/5.6.2/junit-jupiter-engine-5.6.2-javadoc.jar","isSystem":false,"isOwn":false,"isTest":false,"isJavaContent":false},{"kind":"binary","path":"C:\\Users\\Rohit\\.m2\\repository\\org\\junit\\platform\\junit-platform-engine\\1.6.2\\junit-platform-engine-1.6.2.jar","sourceContainerUrl":"file:/C:/Users/Rohit/.m2/repository/org/junit/platform/junit-platform-engine/1.6.2/junit-platform-engine-1.6.2-sources.jar","javadocContainerUrl":"file:/C:/Users/Rohit/.m2/repository/org/junit/platform/junit-platform-engine/1.6.2/junit-platform-engine-1.6.2-javadoc.jar","isSystem":false,"isOwn":false,"isTest":false,"isJavaContent":false},{"kind":"binary","path":"C:\\Users\\Rohit\\.m2\\repository\\org\\mockito\\mockito-core\\3.3.3\\mockito-core-3.3.3.jar","sourceContainerUrl":"file:/C:/Users/Rohit/.m2/repository/org/mockito/mockito-core/3.3.3/mockito-core-3.3.3-sources.jar","javadocContainerUrl":"file:/C:/Users/Rohit/.m2/repository/org/mockito/mockito-core/3.3.3/mockito-core-3.3.3-javadoc.jar","isSystem":false,"isOwn":false,"isTest":false,"isJavaContent":false},{"kind":"binary","path":"C:\\Users\\Rohit\\.m2\\repository\\net\\bytebuddy\\byte-buddy\\1.10.14\\byte-buddy-1.10.14.jar","sourceContainerUrl":"file:/C:/Users/Rohit/.m2/repository/net/bytebuddy/byte-buddy/1.10.14/byte-buddy-1.10.14-sources.jar","javadocContainerUrl":"file:/C:/Users/Rohit/.m2/repository/net/bytebuddy/byte-buddy/1.10.14/byte-buddy-1.10.14-javadoc.jar","isSystem":false,"isOwn":false,"isTest":false,"isJavaContent":false},{"kind":"binary","path":"C:\\Users\\Rohit\\.m2\\repository\\net\\bytebuddy\\byte-buddy-agent\\1.10.14\\byte-buddy-agent-1.10.14.jar","sourceContainerUrl":"file:/C:/Users/Rohit/.m2/repository/net/bytebuddy/byte-buddy-agent/1.10.14/byte-buddy-agent-1.10.14-sources.jar","javadocContainerUrl":"file:/C:/Users/Rohit/.m2/repository/net/bytebuddy/byte-buddy-agent/1.10.14/byte-buddy-agent-1.10.14-javadoc.jar","isSystem":false,"isOwn":false,"isTest":false,"isJavaContent":false},{"kind":"binary","path":"C:\\Users\\Rohit\\.m2\\repository\\org\\objenesis\\objenesis\\2.6\\objenesis-2.6.jar","sourceContainerUrl":"file:/C:/Users/Rohit/.m2/repository/org/objenesis/objenesis/2.6/objenesis-2.6-sources.jar","javadocContainerUrl":"file:/C:/Users/Rohit/.m2/repository/org/objenesis/objenesis/2.6/objenesis-2.6-javadoc.jar","isSystem":false,"isOwn":false,"isTest":false,"isJavaContent":false},{"kind":"binary","path":"C:\\Users\\Rohit\\.m2\\repository\\org\\mockito\\mockito-junit-jupiter\\3.3.3\\mockito-junit-jupiter-3.3.3.jar","sourceContainerUrl":"file:/C:/Users/Rohit/.m2/repository/org/mockito/mockito-junit-jupiter/3.3.3/mockito-junit-jupiter-3.3.3-sources.jar","javadocContainerUrl":"file:/C:/Users/Rohit/.m2/repository/org/mockito/mockito-junit-jupiter/3.3.3/mockito-junit-jupiter-3.3.3-javadoc.jar","isSystem":false,"isOwn":false,"isTest":false,"isJavaContent":false},{"kind":"binary","path":"C:\\Users\\Rohit\\.m2\\repository\\org\\skyscreamer\\jsonassert\\1.5.0\\jsonassert-1.5.0.jar","sourceContainerUrl":"file:/C:/Users/Rohit/.m2/repository/org/skyscreamer/jsonassert/1.5.0/jsonassert-1.5.0-sources.jar","javadocContainerUrl":"file:/C:/Users/Rohit/.m2/repository/org/skyscreamer/jsonassert/1.5.0/jsonassert-1.5.0-javadoc.jar","isSystem":false,"isOwn":false,"isTest":false,"isJavaContent":false},{"kind":"binary","path":"C:\\Users\\Rohit\\.m2\\repository\\com\\vaadin\\external\\google\\android-json\\0.0.20131108.vaadin1\\android-json-0.0.20131108.vaadin1.jar","sourceContainerUrl":"file:/C:/Users/Rohit/.m2/repository/com/vaadin/external/google/android-json/0.0.20131108.vaadin1/android-json-0.0.20131108.vaadin1-sources.jar","javadocContainerUrl":"file:/C:/Users/Rohit/.m2/repository/com/vaadin/external/google/android-json/0.0.20131108.vaadin1/android-json-0.0.20131108.vaadin1-javadoc.jar","isSystem":false,"isOwn":false,"isTest":false,"isJavaContent":false},{"kind":"binary","path":"C:\\Users\\Rohit\\.m2\\repository\\org\\springframework\\spring-core\\5.2.9.RELEASE\\spring-core-5.2.9.RELEASE.jar","sourceContainerUrl":"file:/C:/Users/Rohit/.m2/repository/org/springframework/spring-core/5.2.9.RELEASE/spring-core-5.2.9.RELEASE-sources.jar","javadocContainerUrl":"file:/C:/Users/Rohit/.m2/repository/org/springframework/spring-core/5.2.9.RELEASE/spring-core-5.2.9.RELEASE-javadoc.jar","isSystem":false,"isOwn":false,"isTest":false,"isJavaContent":false},{"kind":"binary","path":"C:\\Users\\Rohit\\.m2\\repository\\org\\springframework\\spring-jcl\\5.2.9.RELEASE\\spring-jcl-5.2.9.RELEASE.jar","sourceContainerUrl":"file:/C:/Users/Rohit/.m2/repository/org/springframework/spring-jcl/5.2.9.RELEASE/spring-jcl-5.2.9.RELEASE-sources.jar","javadocContainerUrl":"file:/C:/Users/Rohit/.m2/repository/org/springframework/spring-jcl/5.2.9.RELEASE/spring-jcl-5.2.9.RELEASE-javadoc.jar","isSystem":false,"isOwn":false,"isTest":false,"isJavaContent":false},{"kind":"binary","path":"C:\\Users\\Rohit\\.m2\\repository\\org\\springframework\\spring-test\\5.2.9.RELEASE\\spring-test-5.2.9.RELEASE.jar","sourceContainerUrl":"file:/C:/Users/Rohit/.m2/repository/org/springframework/spring-test/5.2.9.RELEASE/spring-test-5.2.9.RELEASE-sources.jar","javadocContainerUrl":"file:/C:/Users/Rohit/.m2/repository/org/springframework/spring-test/5.2.9.RELEASE/spring-test-5.2.9.RELEASE-javadoc.jar","isSystem":false,"isOwn":false,"isTest":false,"isJavaContent":false},{"kind":"binary","path":"C:\\Users\\Rohit\\.m2\\repository\\org\\xmlunit\\xmlunit-core\\2.7.0\\xmlunit-core-2.7.0.jar","sourceContainerUrl":"file:/C:/Users/Rohit/.m2/repository/org/xmlunit/xmlunit-core/2.7.0/xmlunit-core-2.7.0-sources.jar","javadocContainerUrl":"file:/C:/Users/Rohit/.m2/repository/org/xmlunit/xmlunit-core/2.7.0/xmlunit-core-2.7.0-javadoc.jar","isSystem":false,"isOwn":false,"isTest":false,"isJavaContent":false},{"kind":"source","path":"D:\\microservice\\spring-data-redis\\src\\main\\java","outputFolder":"D:\\microservice\\spring-data-redis\\target\\classes","javadocContainerUrl":"file:/D:/microservice/spring-data-redis/target/site/apidocs","isSystem":false,"isOwn":true,"isTest":false,"isJavaContent":true},{"kind":"source","path":"D:\\microservice\\spring-data-redis\\src\\test\\java","outputFolder":"D:\\microservice\\spring-data-redis\\target\\test-classes","javadocContainerUrl":"file:/D:/microservice/spring-data-redis/target/site/apidocs","isSystem":false,"isOwn":true,"isTest":true,"isJavaContent":true},{"kind":"source","path":"D:\\microservice\\spring-data-redis\\src\\main\\resources","outputFolder":"D:\\microservice\\spring-data-redis\\target\\classes","isSystem":false,"isOwn":true,"isTest":false,"isJavaContent":false},{"kind":"source","path":"D:\\microservice\\spring-data-redis\\src\\test\\resources","outputFolder":"D:\\microservice\\spring-data-redis\\target\\test-classes","isSystem":false,"isOwn":true,"isTest":true,"isJavaContent":false},{"kind":"source","path":"D:\\microservice\\spring-data-redis\\src\\test\\java","outputFolder":"D:\\microservice\\spring-data-redis\\target\\test-classes","javadocContainerUrl":"file:/D:/microservice/spring-data-redis/target/site/apidocs","isSystem":false,"isOwn":true,"isTest":false,"isJavaContent":false}]}